{"pixel_values_shape": [1, 3, 1024, 1024], "pixel_values_mean": 0.08962348848581314, "pixel_values_std": 0.9849419593811035, "image_embeddings_shapes": [[65536, 1, 32], [16384, 1, 64], [4096, 1, 256]], "image_embeddings_last_mean": 0.006430215202271938, "sparse_embeddings_shape": [1, 1, 2, 256], "dense_embeddings_shape": [1, 256, 64, 64], "dense_embeddings_mean": -0.003551419824361801, "iou_scores": [[[0.24502032995224, 0.21742956340312958, 0.5491653680801392]]], "pred_masks_shape": [1, 1, 3, 256, 256], "pred_masks_mean": -12.125054359436035}